<?xml version="1.0" encoding="UTF-8"?>
<beans xmlns="http://www.springframework.org/schema/beans"
	xmlns:context="http://www.springframework.org/schema/context"
	xmlns:p="http://www.springframework.org/schema/p" 
	xmlns:mvc="http://www.springframework.org/schema/mvc" 
	xmlns:xsi="http://www.w3.org/2001/XMLSchema-instance"
	xsi:schemaLocation="http://www.springframework.org/schema/beans
http://www.springframework.org/schema/beans/spring-beans-4.0.xsd
http://www.springframework.org/schema/context
http://www.springframework.org/schema/context/spring-context-4.0.xsd
http://www.springframework.org/schema/mvc
http://www.springframework.org/schema/mvc/spring-mvc-4.0.xsd">
    
    <mvc:annotation-driven/> 
    <!-- Uncomment and add your base-package here:-->
         <context:component-scan
            base-package="com.att.tuv"/>  
            
            <bean id="dataSource"
		class="org.springframework.jdbc.datasource.DriverManagerDataSource">

		<property name="driverClassName" value="com.mysql.jdbc.Driver" />
		<property name="url" value="jdbc:mysql://localhost:3306/TUV" />
		<property name="username" value="root" />
		<property name="password" value="root" />
	</bean>
	
	 <bean class="org.springframework.jdbc.core.simple.SimpleJdbcCall" id="SimpleJdbcCall"> 
	 <constructor-arg ref="dataSource"></constructor-arg>   
	 </bean> 
	

</beans>
